Dominican Republic;18.735693;-70.162651
Tripoli;32.8084124;13.1509672
